{"cameraMode":{"drawMode":0,"name":"Shaded","section":"Shading Mode"},"sceneLighting":true,"audioPlay":false,"sceneViewState":{"showFog":true,"showMaterialUpdate":false,"showSkybox":true,"showFlares":true,"showImageEffects":true,"showParticleSystems":true},"in2DMode":false,"pivot":{"x":0.7208549380302429,"y":2.8383986949920656,"z":6.065568447113037},"rotation":{"x":0.1303981989622116,"y":0.09650708734989166,"z":-0.012754523195326329,"w":0.9866712093353272},"size":23.023605346679689,"orthographic":false}